block_id_1,block_id_2
100063,100043
100213,100193
100283,100273
100333,100313
100203,100183
100373,100348
100403,100348
100403,100373
100358,100313
100358,100333
100358,100348
100468,100403
100468,100348
100468,100373
100478,100468
100478,100333
100478,100313
100478,100358
1000210,100138
1000710,1000210
1000710,100138
1001110,1000210
1001110,100138
1001610,100468
1001110,1000710
1001610,1000529
1001710,1001610
1001610,1000629
1001710,100478
1001710,100313
1001710,1000718
1001610,100403
1001610,100348
1001610,100373
1001710,100333
1001710,100358
1001710,1000232
1001610,100358
1001510,100338
1001710,1000526
1001710,1000614
1001710,100348
1001710,1000318
1001710,1000536
1000214,100025
1000014,100005
1000614,100333
1000114,100015
1000614,100478
1000614,100313
1000614,100358
1000614,1000526
1000614,1000318
1000318,100333
1000614,1000536
1000718,100313
1000614,1000232
1000318,100313
1000318,100478
1000718,100333
1000318,100358
1000318,1000232
1000718,100478
1000718,1000614
1000718,100358
1000718,1000526
1000718,1000318
1000622,1000522
1000718,1000536
1000718,1000232
1000222,1000026
1000823,1000523
1001323,1001123
1001523,1001323
1001423,1001223
1001523,1001123
1001623,1001223
1001623,1001423
1001623,1001023
1001923,1001323
1001723,1001323
1001923,1001723
1001723,1001123
1001923,1001523
1001723,1001523
1001423,1001023
1001823,1001623
1001823,1001223
1002123,1001323
1002123,1001723
1002223,1001623
1002123,1001923
1001823,1001423
1001823,1001023
1002123,1001123
1002223,1002023
1002423,1001623
1002523,1001323
1002223,1001023
1002523,1001723
1002423,1001423
1002423,1001823
1002423,1002023
1002023,1001223
1002523,1001923
1002523,1001523
1001923,1001123
1002423,1002223
1002523,1001123
1002523,1002123
1002223,1001423
1002123,1001523
1002223,1001223
1002423,1001223
1002023,1001623
1001223,1001023
1002523,1002323
1002323,1001123
1002323,1001323
1002223,1001823
1002423,1001023
1002023,1001823
1002323,1001723
1002723,1001123
1002023,1001423
1002323,1001923
1002723,1001323
1002623,1001223
1002323,1001523
1002723,1001723
1002023,1001023
1002623,1001623
1002723,1001923
1002323,1002123
1002623,1001823
1002723,1001523
1002623,1001423
1002923,1001123
1002823,1001223
1002923,1001723
1002823,1001623
1002723,1002323
1002623,1002023
1002623,1002223
1002823,1001823
1002923,1001923
1002623,1002423
1002923,1001323
1002723,1002523
1002723,1002123
1002923,1001523
1002923,1002123
1003423,1001023
1002623,1001023
1003423,1001223
1002923,1002323
1003423,1001623
1002923,1002523
1003123,1001123
1003123,1001323
1002923,1002723
1003423,1001423
1003123,1001723
1003423,1001823
1003223,1001023
1003123,1001923
1003223,1001223
1003123,1001523
1003423,1002223
1003223,1001623
1003123,1002123
1003423,1002023
1003423,1002423
1003223,1001823
1003423,1003223
1003223,1001423
1003423,1002623
1003423,1002823
1003223,1002023
1003223,1002223
1003223,1002423
1003423,1003023
1002823,1001423
1003223,1002623
1003123,1002323
1003323,1003123
1003223,1002823
1003223,1003023
1002823,1002023
1003123,1002523
1002823,1002223
1003323,1001123
1003523,1003123
1003323,1001323
1003523,1001123
1002823,1002423
1003323,1001723
1003123,1002723
1002823,1002623
1003323,1001923
1003523,1001323
1002823,1001023
1003923,1003123
1003523,1001723
1003323,1002123
1003923,1001123
1003123,1002923
1003323,1001523
1003523,1001923
1003323,1002323
1003923,1001323
1003523,1001523
1003923,1001723
1003323,1002523
1003023,1001023
1003523,1002123
1003923,1001923
1003923,1001523
1003023,1001223
1003323,1002723
1003523,1002323
1003323,1002923
1003923,1002123
1003523,1003323
1003023,1001623
1003923,1003323
1003523,1002523
1003023,1001823
1003923,1002323
1003923,1002523
1003523,1002723
1003523,1002923
1003023,1002023
1003923,1003523
1003823,1001023
1003923,1002723
1003723,1003123
1003023,1002223
1003823,1001223
1003923,1002923
1003923,1003723
1003023,1002423
1003823,1001623
1003023,1001423
1003823,1001823
1003723,1001323
1003023,1002623
1003723,1001123
1003623,1001023
1003723,1001723
1003823,1001423
1003023,1002823
1003823,1002023
1003623,1001223
1003723,1001923
1003623,1001623
1003723,1001523
1003623,1001823
1003723,1002123
1004023,1001023
1003723,1003323
1003623,1002023
1003723,1002323
1003623,1001423
1004023,1001223
1003623,1002223
1003723,1002523
1004023,1001623
1003823,1002223
1003623,1002423
1003623,1003223
1003623,1003423
1003623,1002623
1003723,1003523
1003823,1002423
1003823,1003223
1003823,1003423
1003823,1002623
1003823,1003623
1004023,1001823
1003723,1002723
1003623,1002823
1004023,1001423
1003823,1002823
1004023,1002023
1004323,1003123
1004023,1002223
1003623,1003023
1004023,1002423
1004323,1001123
1004023,1003223
1003723,1002923
1003823,1003023
1004023,1003423
1004023,1002623
1004323,1001723
1004023,1002823
1004023,1003023
1004323,1001923
1004323,1001523
1004423,1004023
1004323,1001323
1004023,1003623
1004323,1002123
1004223,1004023
1004423,1004223
1004323,1003323
1004323,1003523
1004423,1001023
1004323,1002523
1004523,1003123
1004223,1001023
1004223,1001223
1004023,1003823
1004423,1001223
1004323,1002323
1004323,1002923
1004323,1003723
1004523,1004323
1004223,1001623
1004223,1001823
1004523,1001123
1004223,1001423
1004223,1002023
1004523,1001323
1004223,1002223
1004223,1002423
1004223,1003223
1004223,1003423
1004423,1001623
1004423,1001823
1004223,1002623
1004423,1001423
1004223,1003623
1004423,1002023
1004423,1002223
1004223,1002823
1004423,1002423
1004423,1003223
1004423,1003423
1004423,1002623
1004423,1003623
1004423,1002823
1004523,1001723
1004523,1001923
1004223,1003823
1004223,1003023
1004623,1004023
1004623,1004223
1004523,1001523
1004623,1004423
1004423,1003823
1004623,1001023
1004423,1003023
1004323,1002723
1004523,1002123
1004323,1003923
1004923,1004523
1004523,1002323
1004923,1003123
1004623,1001223
1004923,1004323
1004523,1003323
1004923,1004723
1004623,1001623
1004523,1002523
1004923,1001123
1004723,1003123
1004523,1003523
1004623,1001823
1004623,1001423
1004923,1001323
1004523,1002723
1004623,1002023
1004523,1002923
1004923,1001723
1004623,1002223
1004623,1002423
1004623,1003223
1004623,1003423
1004623,1002623
1004923,1001923
1004723,1004523
1004523,1003723
1004623,1003623
1004923,1001523
1004523,1003923
1004723,1004323
1005123,1003123
1004923,1002123
1005123,1004523
1004723,1001123
1004623,1002823
1004723,1001323
1004623,1003823
1005123,1004323
1004723,1001723
1004623,1003023
1005123,1004723
1005123,1004923
1004823,1004023
1004923,1002323
1004823,1004223
1004923,1003323
1004923,1002523
1004923,1003523
1004923,1002723
1004923,1003723
1004923,1002923
1004923,1003923
1004723,1001923
1004723,1001523
1004723,1002123
1005023,1004023
1004823,1004423
1005023,1004223
1004823,1004623
1005023,1004423
1004723,1002323
1004723,1003323
1005023,1004623
1005023,1004823
1004823,1001023
1004723,1002523
1004723,1003523
1005023,1001023
1004723,1002723
1004823,1001623
1004723,1002923
1004723,1003723
1004723,1003923
1004823,1001823
1005223,1004023
1005023,1001223
1005223,1004223
1004823,1001423
1005023,1001623
1005223,1004423
1004823,1002023
1004823,1001223
1005223,1004823
1005223,1004623
1004823,1002223
1005023,1001823
1005223,1005023
1004823,1002423
1005023,1001423
1005223,1001023
1004823,1003223
1004823,1003423
1005123,1001123
1005223,1001223
1005123,1001323
1005223,1001623
1005123,1001723
1005123,1001923
1005223,1001823
1005223,1001423
1005223,1002023
1005223,1002223
1005223,1002423
1005223,1003423
1005223,1003223
1005223,1002623
1005123,1001523
1005223,1003623
1004823,1002623
1005023,1002023
1005223,1002823
1004823,1003623
1005123,1002123
1005223,1003823
1004823,1002823
1005223,1003023
1004823,1003023
1004823,1003823
1005123,1003323
1005123,1002323
1005323,1003123
1005523,1003123
1005123,1002523
1005323,1004323
1005323,1004523
1005523,1005323
1005123,1003523
1005323,1004723
1005023,1002223
1005323,1004923
1005523,1004523
1005123,1002723
1005123,1002923
1005023,1002423
1005523,1004323
1005123,1003723
1005523,1004723
1005323,1001123
1005123,1003923
1005323,1001323
1005523,1004923
1005523,1005123
1005623,1004023
1005623,1004223
1005323,1001723
1005323,1005123
1005623,1005223
1005623,1004423
1005023,1003223
1005323,1001923
1005623,1004623
1005623,1004823
1005023,1003423
1005623,1005023
1005023,1002623
1005023,1003623
1005623,1005423
1005023,1002823
1005523,1001123
1005623,1001023
1005523,1001323
1005523,1001723
1005623,1001623
1005523,1001923
1005523,1001523
1005323,1001523
1005323,1002123
1005623,1003223
1005623,1003423
1005623,1002623
1005023,1003823
1005623,1003623
1005023,1003023
1005623,1002823
1005423,1004023
1005423,1004223
1005623,1003823
1005623,1003023
1005323,1002323
1005823,1000123
1005423,1005223
1006123,1005023
1005423,1004423
1005323,1003323
1005523,1002123
1005423,1004623
1005323,1002523
1005423,1004823
1005323,1003523
1005523,1002323
1005423,1005023
1005523,1003323
1005323,1002723
1005523,1002523
1005323,1002923
1005323,1003723
1006123,1001023
1005523,1003523
1005323,1003923
1005423,1001023
1005523,1002723
1005523,1002923
1005523,1003723
1005423,1001223
1005423,1001623
1005523,1003923
1005423,1001823
1005423,1001423
1006323,1005223
1005423,1002023
1006523,1006123
1005423,1002223
1005423,1002423
1006323,1006123
1005423,1003223
1005423,1003423
1006523,1005423
1006323,1001223
1005423,1002623
1006523,1006323
1005423,1002823
1005423,1003623
1005423,1003823
1006923,1002524
1005423,1003023
1006923,1001710
1006723,1001623
1006923,100478
1006923,1004732
1006923,100313
1006923,1000718
1006923,1000232
1006723,1006123
1006923,100333
1006523,1001423
1006923,1004432
1006723,1006523
1006923,100358
1006923,1000614
1007123,1007023
1006923,1000526
1006723,1006323
1006923,1000318
1007623,100378
1006923,1000536
1007723,100388
1007523,100368
1000224,1000124
1001424,1001324
1002524,100333
1002524,1001710
1002524,100478
1002724,1000624
1002524,100313
1002524,100358
1002524,1000614
1002524,1000526
1002524,1000536
1002524,1000318
1002524,1000718
1002424,1001524
1002524,1000232
1000526,100333
1000526,100478
1000526,100313
1000526,100358
1000526,1000318
1000526,1000232
1000529,100468
1000529,100403
1000529,100373
1000529,100348
1000629,1000529
1000629,100403
1000629,100468
1000629,100348
1000629,100373
1001629,1001529
1002029,1001429
1002829,1002729
1002529,1002329
1002629,1002429
1003429,1002629
1003529,1002929
1003429,1002429
1003729,1002629
1003929,1003229
1003829,1003129
1004129,1002629
1004129,1003429
1004029,1003329
1004129,1003729
1004129,1002429
1004729,1003429
1004529,1004229
1005129,1002629
1004729,1002429
1000232,100333
1004929,1004229
1000232,100478
1005129,1003729
1000232,100313
1004929,1004529
1005129,1004129
1000232,100358
1004829,1004429
1005029,1004629
1005129,1004729
1001232,1000932
1000932,1000832
1001032,1000932
1001232,1001132
1001132,1000932
1001232,1001032
1001132,1001032
1001032,1000832
1001432,1001132
1001132,1000832
1001432,1001032
1001532,1000932
1001432,1000932
1001232,1000832
1001332,1000932
1001432,1001232
1001632,1000932
1001432,1001332
1001632,1001132
1001432,1000832
1001632,1001032
1001632,1001232
1001632,1001532
1001632,1001332
1001532,1001132
1001632,1000832
1001632,1001432
1001532,1001032
1001532,1001232
1001832,1001632
1001532,1001332
1001532,1000832
1001532,1001432
1002132,1000832
1002132,1001432
1001832,1000932
1001832,1001132
1002132,1002032
1001832,1001032
1002132,1001632
1002132,1000932
1001832,1001532
1001832,1001232
1002132,1001032
1002132,1001232
1002132,1001132
1002132,1001532
1002132,1001332
1001832,1001332
1001832,1001732
1001832,1000832
1002132,1001932
1001332,1001032
1001832,1001432
1002132,1001732
1001732,1001632
1001932,1001632
1002132,1001832
1001932,1001132
1001332,1001132
1001932,1001032
1001932,1001232
1002232,1001632
1002232,1001432
1001732,1000932
1002032,1001632
1001932,1001332
1001732,1001132
1002032,1000932
1001932,1000932
1001332,1001232
1002032,1001032
1002032,1001132
1001732,1001532
1001332,1000832
1001932,1001432
1002032,1000832
1001932,1000832
1001932,1001732
1002232,1001132
1001932,1001832
1002232,1000932
1001732,1001432
1002032,1001532
1002232,1001232
1001732,1001332
1002232,1002032
1002032,1001232
1001732,1001032
1001732,1000832
1001932,1001532
1002032,1001432
1001732,1001232
1002032,1001332
1002232,1001032
1002532,1001632
1002232,1001532
1002332,1000832
1002332,1001432
1002032,1001932
1002532,1000832
1002532,1001132
1002232,1001932
1002232,1000832
1002532,1001232
1002032,1001832
1002532,1001432
1002032,1001732
1002532,1001332
1002332,1001232
1002332,1000932
1002232,1001332
1002532,1000932
1002532,1001832
1002532,1001032
1002232,1001832
1002332,1001532
1002432,1001632
1002232,1001732
1002232,1002132
1002332,1001632
1002332,1001132
1002332,1001032
1002532,1001532
1002532,1002032
1002332,1002032
1002432,1001432
1002532,1001932
1002532,1002232
1002432,1001232
1002532,1002132
1002532,1001732
1002432,1000932
1002832,1000932
1002432,1002032
1002332,1001332
1002332,1001732
1002432,1001132
1002332,1001932
1002832,1002032
1002732,1001432
1002432,1001032
1002432,1001532
1002832,1001632
1002732,1001632
1002832,1001132
1002532,1002332
1002832,1000832
1002732,1002632
1002732,1002032
1002332,1001832
1002532,1002432
1002832,1002632
1002432,1000832
1002732,1000832
1002832,1001032
1002932,1002832
1002832,1002732
1002932,1001432
1002832,1001432
1002432,1001332
1002332,1002132
1002832,1001232
1002432,1001932
1002432,1002332
1002832,1001532
1002432,1002232
1002732,1000932
1002932,1001632
1002832,1001332
1002432,1001832
1002332,1002232
1002832,1001832
1002732,1001132
1002932,1002632
1002932,1000832
1002732,1001232
1002432,1001732
1003132,1002832
1002832,1001932
1002732,1001032
1002432,1002132
1002732,1001932
1002932,1001032
1003132,1002932
1003132,1002632
1002832,1002232
1002932,1000932
1002732,1001832
1003132,1003032
1002832,1002532
1002932,1002032
1002732,1001332
1002832,1002432
1002932,1002732
1002732,1001732
1002832,1001732
1002732,1002232
1002832,1002132
1002932,1001732
1002732,1001532
1002932,1001132
1002932,1002432
1003132,1000832
1002832,1002332
1002932,1001932
1002932,1002532
1002932,1001832
1003132,1001432
1002932,1002232
1003132,1001632
1003132,1002032
1003132,1000932
1002732,1002432
1003132,1001232
1002932,1002332
1003132,1001532
1003132,1002732
1003132,1001032
1002932,1001532
1003332,1001332
1003332,1001532
1003132,1001132
1002932,1001332
1003032,1002632
1002932,1002132
1003032,1002832
1003332,1001132
1003132,1001332
1002932,1001232
1003332,1001032
1003332,1000932
1003332,1001232
1003332,1001932
1002732,1002132
1003332,1001732
1003032,1002932
1002732,1002332
1003332,1002232
1003132,1001832
1003332,1001832
1003132,1001732
1003132,1002232
1002732,1002532
1003032,1001432
1003032,1001632
1003132,1001932
1003332,1002332
1003132,1002532
1003232,1002932
1003332,1002532
1003332,1002432
1003032,1002032
1003032,1000832
1003232,1002632
1003132,1002132
1003032,1001132
1003132,1002332
1003332,1002632
1003132,1002432
1003332,1002832
1003032,1001032
1003332,1002932
1002632,1001432
1002632,1000832
1003332,1003232
1002632,1001132
1003332,1002132
1003232,1000832
1003332,1003032
1003032,1002732
1003232,1003032
1003232,1002832
1003032,1000932
1003232,1001432
1003232,1002032
1002632,1001032
1002632,1001632
1002632,1002032
1003032,1001232
1003332,1001632
1003032,1001532
1002632,1001532
1003432,1000932
1003032,1001932
1003032,1001332
1002632,1000932
1002632,1001232
1003232,1001632
1003432,1001032
1003332,1003132
1003332,1000832
1003332,1001432
1003332,1002032
1003432,1001232
1002632,1001932
1003232,1001132
1003032,1001832
1003032,1001732
1003232,1000932
1003232,1002732
1003332,1002732
1003032,1002432
1003232,1003132
1003432,1001532
1003032,1002232
1003432,1001132
1002632,1001732
1002632,1001332
1003232,1001032
1003032,1002332
1002632,1002132
1003432,1001932
1002632,1001832
1003432,1001332
1002632,1002232
1003532,1000932
1002632,1002532
1003532,1001032
1003232,1001532
1003232,1001332
1003232,1001732
1003232,1001932
1003432,1002332
1003032,1002132
1003432,1001832
1003532,1001932
1002632,1002332
1003432,1002532
1003432,1002232
1003232,1001832
1003532,1001832
1003432,1002632
1003232,1002332
1003532,1001232
1003532,1001532
1003232,1002532
1003432,1002432
1003232,1002232
1003032,1002532
1003532,1002232
1003232,1001232
1002632,1002432
1003232,1002432
1003532,1001132
1003532,1001332
1003432,1002132
1003532,1001732
1003232,1002132
1003532,1002432
1003432,1002832
1003432,1003232
1003432,1003032
1003432,1000832
1003532,1002532
1003432,1001732
1003432,1001432
1003432,1002932
1003432,1003332
1003532,1002132
1003432,1002732
1003532,1002332
1003532,1002832
1004732,1002524
1003432,1002032
1003532,1002632
1003532,1003032
1003432,1001632
1004432,1001710
1003432,1003132
1004432,100333
1004432,1000232
1004432,1002524
1003532,1003332
1003532,1003232
1004732,1004432
1004732,1001710
1003532,1001632
1004732,100478
1004432,100358
1004732,100313
1004432,1000318
1004432,1000526
1004432,1000718
1004432,100313
1003532,1002732
1003532,1003432
1003532,1001432
1004732,1000718
1004432,100478
1004732,1000232
1004732,100358
1004432,1000614
1003532,1002032
1004732,100333
1003532,1000832
1004732,1000614
1003532,1002932
1004432,1000536
1004732,1000318
1003532,1003132
1004732,1000526
1004732,1000536
1000536,100333
1000536,100478
1000536,100313
1000536,100358
1000536,1000526
1000536,1000318
1000536,1000232
