# Copyright lowRISC contributors.
# Licensed under the Apache License, Version 2.0, see LICENSE for details.
# SPDX-License-Identifier: Apache-2.0
#
# Run these checks with:
#  ./util/dvsim/dvsim.py hw/top_earlgrey/formal/chip_conn_cfg.hjson

,NAME,SRC BLOCK,SRC SIGNAL,DEST BLOCK,DEST SIGNAL,,,,,,

CONNECTION, OTP_AST_OBS_CTRL, top_earlgrey.u_otp_ctrl.u_otp, otp_obs_o, u_ast, otp_obs_i
CONNECTION, AST_OTP_OBS_CTRL, u_ast, obs_ctrl_o, top_earlgrey.u_otp_ctrl.u_otp, obs_ctrl_i
CONNECTION, AST_OTP_PWR_SEQ_H, u_ast, otp_power_seq_h_o, top_earlgrey.u_otp_ctrl.u_otp, pwr_seq_h_i
CONNECTION, OTP_AST_PWR_SEQ, top_earlgrey.u_otp_ctrl.u_otp, pwr_seq_o, u_ast, otp_power_seq_i
