<?xml version="1.0" encoding="UTF-8"?>
<export version="D">
  <design>
    <source>/home/mdh/pmod/usbphy/usbphy.sch</source>
    <date>Sun 13 Sep 2020 05:35:11 PM PDT</date>
    <tool>Eeschema 5.1.6-c6e7f7d~87~ubuntu16.04.1</tool>
    <sheet number="1" name="/" tstamps="/">
      <title_block>
        <title/>
        <company/>
        <rev/>
        <date/>
        <source>usbphy.sch</source>
        <comment number="1" value=""/>
        <comment number="2" value=""/>
        <comment number="3" value=""/>
        <comment number="4" value=""/>
      </title_block>
    </sheet>
  </design>
  <components>
    <comp ref="J3">
      <value>68021-412HLF</value>
      <footprint>digikey-footprints:PinHeader_6x2_P2.54mm_Horizontal</footprint>
      <datasheet>https://cdn.amphenol-icc.com/media/wysiwyg/files/drawing/68020.pdf</datasheet>
      <fields>
        <field name="Category">Connectors, Interconnects</field>
        <field name="DK_Datasheet_Link">https://cdn.amphenol-icc.com/media/wysiwyg/files/drawing/68020.pdf</field>
        <field name="DK_Detail_Page">/product-detail/en/amphenol-icc-fci/68021-412HLF/609-3355-ND/1878558</field>
        <field name="Description">CONN HEADER R/A 12POS 2.54MM</field>
        <field name="Digi-Key_PN">609-3355-ND</field>
        <field name="Family">Rectangular Connectors - Headers, Male Pins</field>
        <field name="MPN">68021-412HLF</field>
        <field name="Manufacturer">Amphenol ICC (FCI)</field>
        <field name="Status">Active</field>
      </fields>
      <libsource lib="dk_Rectangular-Connectors-Headers-Male-Pins" part="68021-412HLF" description="CONN HEADER R/A 12POS 2.54MM"/>
      <sheetpath names="/" tstamps="/"/>
      <tstamp>5C7E600E</tstamp>
    </comp>
    <comp ref="R2">
      <value>22R</value>
      <footprint>Resistor_SMD:R_0805_2012Metric_Pad1.15x1.40mm_HandSolder</footprint>
      <datasheet>~</datasheet>
      <libsource lib="Device" part="R_Small_US" description="Resistor, small US symbol"/>
      <sheetpath names="/" tstamps="/"/>
      <tstamp>5C7E65B5</tstamp>
    </comp>
    <comp ref="R1">
      <value>22R</value>
      <footprint>Resistor_SMD:R_0805_2012Metric_Pad1.15x1.40mm_HandSolder</footprint>
      <datasheet>~</datasheet>
      <libsource lib="Device" part="R_Small_US" description="Resistor, small US symbol"/>
      <sheetpath names="/" tstamps="/"/>
      <tstamp>5C7E6727</tstamp>
    </comp>
    <comp ref="R3">
      <value>5k1</value>
      <footprint>Resistor_SMD:R_0805_2012Metric_Pad1.15x1.40mm_HandSolder</footprint>
      <datasheet>~</datasheet>
      <libsource lib="Device" part="R_Small_US" description="Resistor, small US symbol"/>
      <sheetpath names="/" tstamps="/"/>
      <tstamp>5C7F09F9</tstamp>
    </comp>
    <comp ref="R4">
      <value>5k1</value>
      <footprint>Resistor_SMD:R_0805_2012Metric_Pad1.15x1.40mm_HandSolder</footprint>
      <datasheet>~</datasheet>
      <libsource lib="Device" part="R_Small_US" description="Resistor, small US symbol"/>
      <sheetpath names="/" tstamps="/"/>
      <tstamp>5C7F0A6A</tstamp>
    </comp>
    <comp ref="J1">
      <value>10118193-0001LF</value>
      <footprint>digikey-footprints:USB_Micro_B_Female_10118193-0001LF</footprint>
      <datasheet>http://www.amphenol-icc.com/media/wysiwyg/files/drawing/10118193.pdf</datasheet>
      <fields>
        <field name="Category">Connectors, Interconnects</field>
        <field name="DK_Datasheet_Link">http://www.amphenol-icc.com/media/wysiwyg/files/drawing/10118193.pdf</field>
        <field name="DK_Detail_Page">/product-detail/en/amphenol-icc-fci/10118193-0001LF/609-4616-1-ND/2785380</field>
        <field name="Description">CONN RCPT USB2.0 MICRO B SMD R/A</field>
        <field name="Digi-Key_PN">609-4616-1-ND</field>
        <field name="Family">USB, DVI, HDMI Connectors</field>
        <field name="MPN">10118193-0001LF</field>
        <field name="Manufacturer">Amphenol ICC (FCI)</field>
        <field name="Status">Active</field>
      </fields>
      <libsource lib="dk_USB-DVI-HDMI-Connectors" part="10118193-0001LF" description="CONN RCPT USB2.0 MICRO B SMD R/A"/>
      <sheetpath names="/" tstamps="/"/>
      <tstamp>5C8252B6</tstamp>
    </comp>
    <comp ref="R5">
      <value>1k5</value>
      <footprint>Resistor_SMD:R_0805_2012Metric_Pad1.15x1.40mm_HandSolder</footprint>
      <datasheet>~</datasheet>
      <libsource lib="Device" part="R_Small_US" description="Resistor, small US symbol"/>
      <sheetpath names="/" tstamps="/"/>
      <tstamp>5C7E74B9</tstamp>
    </comp>
    <comp ref="C2">
      <value>100n</value>
      <footprint>Capacitor_SMD:C_0603_1608Metric_Pad1.05x0.95mm_HandSolder</footprint>
      <datasheet>~</datasheet>
      <libsource lib="Device" part="C_Small" description="Unpolarized capacitor, small symbol"/>
      <sheetpath names="/" tstamps="/"/>
      <tstamp>5F5A28C5</tstamp>
    </comp>
    <comp ref="R7">
      <value>5k1</value>
      <footprint>Resistor_SMD:R_0805_2012Metric_Pad1.15x1.40mm_HandSolder</footprint>
      <datasheet>~</datasheet>
      <libsource lib="Device" part="R_Small_US" description="Resistor, small US symbol"/>
      <sheetpath names="/" tstamps="/"/>
      <tstamp>5F5B9CD4</tstamp>
    </comp>
    <comp ref="R6">
      <value>5k1</value>
      <footprint>Resistor_SMD:R_0805_2012Metric_Pad1.15x1.40mm_HandSolder</footprint>
      <datasheet>~</datasheet>
      <libsource lib="Device" part="R_Small_US" description="Resistor, small US symbol"/>
      <sheetpath names="/" tstamps="/"/>
      <tstamp>5F5C2525</tstamp>
    </comp>
    <comp ref="C1">
      <value>100n</value>
      <footprint>Capacitor_SMD:C_0603_1608Metric_Pad1.05x0.95mm_HandSolder</footprint>
      <datasheet>~</datasheet>
      <libsource lib="Device" part="C_Small" description="Unpolarized capacitor, small symbol"/>
      <sheetpath names="/" tstamps="/"/>
      <tstamp>5F5E3EA0</tstamp>
    </comp>
    <comp ref="C3">
      <value>100n</value>
      <footprint>Capacitor_SMD:C_0603_1608Metric_Pad1.05x0.95mm_HandSolder</footprint>
      <datasheet>~</datasheet>
      <libsource lib="Device" part="C_Small" description="Unpolarized capacitor, small symbol"/>
      <sheetpath names="/" tstamps="/"/>
      <tstamp>5F5E7CAF</tstamp>
    </comp>
    <comp ref="U1">
      <value>TUSB1106PWR</value>
      <footprint>footprints:TUSB1106PWR</footprint>
      <libsource lib="2020-09-07_23-03-14" part="TUSB1106PWR" description=""/>
      <sheetpath names="/" tstamps="/"/>
      <tstamp>5F6108E9</tstamp>
    </comp>
  </components>
  <libparts>
    <libpart lib="2020-09-07_23-03-14" part="TUSB1106PWR">
      <footprints>
        <fp>PW16</fp>
        <fp>PW16-M</fp>
        <fp>PW16-L</fp>
      </footprints>
      <fields>
        <field name="Reference">U</field>
        <field name="Value">TUSB1106PWR</field>
        <field name="Footprint">PW16</field>
      </fields>
      <pins>
        <pin num="1" name="VPU" type="power_in"/>
        <pin num="2" name="SOFTCON" type="input"/>
        <pin num="3" name="*OE" type="input"/>
        <pin num="4" name="RCV" type="output"/>
        <pin num="5" name="VP" type="output"/>
        <pin num="6" name="VM" type="output"/>
        <pin num="7" name="SUSPND" type="input"/>
        <pin num="8" name="GND" type="power_in"/>
        <pin num="9" name="VCC" type="power_in"/>
        <pin num="10" name="SPEED" type="input"/>
        <pin num="11" name="D-" type="BiDi"/>
        <pin num="12" name="D+" type="BiDi"/>
        <pin num="13" name="VPO" type="unspc"/>
        <pin num="14" name="VMO" type="unspc"/>
        <pin num="15" name="VREG" type="power_in"/>
        <pin num="16" name="VCC" type="power_in"/>
      </pins>
    </libpart>
    <libpart lib="Device" part="C_Small">
      <description>Unpolarized capacitor, small symbol</description>
      <docs>~</docs>
      <footprints>
        <fp>C_*</fp>
      </footprints>
      <fields>
        <field name="Reference">C</field>
        <field name="Value">C_Small</field>
      </fields>
      <pins>
        <pin num="1" name="~" type="passive"/>
        <pin num="2" name="~" type="passive"/>
      </pins>
    </libpart>
    <libpart lib="Device" part="R_Small_US">
      <description>Resistor, small US symbol</description>
      <docs>~</docs>
      <footprints>
        <fp>R_*</fp>
      </footprints>
      <fields>
        <field name="Reference">R</field>
        <field name="Value">R_Small_US</field>
      </fields>
      <pins>
        <pin num="1" name="~" type="passive"/>
        <pin num="2" name="~" type="passive"/>
      </pins>
    </libpart>
    <libpart lib="dk_Rectangular-Connectors-Headers-Male-Pins" part="68021-412HLF">
      <description>CONN HEADER R/A 12POS 2.54MM</description>
      <docs>https://cdn.amphenol-icc.com/media/wysiwyg/files/drawing/68020.pdf</docs>
      <fields>
        <field name="Reference">J</field>
        <field name="Value">68021-412HLF</field>
        <field name="Footprint">digikey-footprints:PinHeader_6x2_P2.54mm_Horizontal</field>
        <field name="Datasheet">https://cdn.amphenol-icc.com/media/wysiwyg/files/drawing/68020.pdf</field>
        <field name="Digi-Key_PN">609-3355-ND</field>
        <field name="MPN">68021-412HLF</field>
        <field name="Category">Connectors, Interconnects</field>
        <field name="Family">Rectangular Connectors - Headers, Male Pins</field>
        <field name="DK_Datasheet_Link">https://cdn.amphenol-icc.com/media/wysiwyg/files/drawing/68020.pdf</field>
        <field name="DK_Detail_Page">/product-detail/en/amphenol-icc-fci/68021-412HLF/609-3355-ND/1878558</field>
        <field name="Description">CONN HEADER R/A 12POS 2.54MM</field>
        <field name="Manufacturer">Amphenol ICC (FCI)</field>
        <field name="Status">Active</field>
      </fields>
      <pins>
        <pin num="1" name="~" type="passive"/>
        <pin num="2" name="~" type="passive"/>
        <pin num="3" name="~" type="passive"/>
        <pin num="4" name="~" type="passive"/>
        <pin num="5" name="~" type="passive"/>
        <pin num="6" name="~" type="passive"/>
        <pin num="7" name="~" type="passive"/>
        <pin num="8" name="~" type="passive"/>
        <pin num="9" name="~" type="passive"/>
        <pin num="10" name="~" type="passive"/>
        <pin num="11" name="~" type="passive"/>
        <pin num="12" name="~" type="passive"/>
      </pins>
    </libpart>
    <libpart lib="dk_USB-DVI-HDMI-Connectors" part="10118193-0001LF">
      <description>CONN RCPT USB2.0 MICRO B SMD R/A</description>
      <docs>http://www.amphenol-icc.com/media/wysiwyg/files/drawing/10118193.pdf</docs>
      <fields>
        <field name="Reference">J</field>
        <field name="Value">10118193-0001LF</field>
        <field name="Footprint">digikey-footprints:USB_Micro_B_Female_10118193-0001LF</field>
        <field name="Datasheet">http://www.amphenol-icc.com/media/wysiwyg/files/drawing/10118193.pdf</field>
        <field name="Digi-Key_PN">609-4616-1-ND</field>
        <field name="MPN">10118193-0001LF</field>
        <field name="Category">Connectors, Interconnects</field>
        <field name="Family">USB, DVI, HDMI Connectors</field>
        <field name="DK_Datasheet_Link">http://www.amphenol-icc.com/media/wysiwyg/files/drawing/10118193.pdf</field>
        <field name="DK_Detail_Page">/product-detail/en/amphenol-icc-fci/10118193-0001LF/609-4616-1-ND/2785380</field>
        <field name="Description">CONN RCPT USB2.0 MICRO B SMD R/A</field>
        <field name="Manufacturer">Amphenol ICC (FCI)</field>
        <field name="Status">Active</field>
      </fields>
      <pins>
        <pin num="1" name="~" type="passive"/>
        <pin num="2" name="~" type="passive"/>
        <pin num="3" name="~" type="passive"/>
        <pin num="4" name="~" type="passive"/>
        <pin num="5" name="~" type="passive"/>
        <pin num="SH" name="~" type="passive"/>
      </pins>
    </libpart>
  </libparts>
  <libraries>
    <library logical="2020-09-07_23-03-14">
      <uri>/home/mdh/pmod/usbphy/ti-part/2020-09-07_23-03-14.lib</uri>
    </library>
    <library logical="Device">
      <uri>/usr/share/kicad/library/Device.lib</uri>
    </library>
    <library logical="dk_Rectangular-Connectors-Headers-Male-Pins">
      <uri>/home/mdh/github/digikey-kicad-library/digikey-symbols/dk_Rectangular-Connectors-Headers-Male-Pins.lib</uri>
    </library>
    <library logical="dk_USB-DVI-HDMI-Connectors">
      <uri>/home/mdh/github/digikey-kicad-library/digikey-symbols/dk_USB-DVI-HDMI-Connectors.lib</uri>
    </library>
  </libraries>
  <nets>
    <net code="1" name="/SPD">
      <node ref="U1" pin="10"/>
      <node ref="R6" pin="1"/>
    </net>
    <net code="2" name="GND">
      <node ref="U1" pin="8"/>
      <node ref="J1" pin="SH"/>
      <node ref="J1" pin="5"/>
      <node ref="J3" pin="4"/>
      <node ref="J3" pin="3"/>
      <node ref="R4" pin="2"/>
      <node ref="C2" pin="2"/>
      <node ref="C3" pin="2"/>
      <node ref="C1" pin="2"/>
      <node ref="R7" pin="1"/>
    </net>
    <net code="3" name="/PULLUPDP">
      <node ref="J3" pin="12"/>
      <node ref="U1" pin="2"/>
    </net>
    <net code="4" name="/USB_OE_L">
      <node ref="U1" pin="3"/>
      <node ref="J3" pin="8"/>
    </net>
    <net code="5" name="/PP5000_VBUS">
      <node ref="C1" pin="1"/>
      <node ref="R3" pin="1"/>
      <node ref="U1" pin="16"/>
      <node ref="J1" pin="1"/>
    </net>
    <net code="6" name="/PP3300_REG">
      <node ref="C2" pin="1"/>
      <node ref="U1" pin="15"/>
    </net>
    <net code="7" name="PP3300">
      <node ref="C3" pin="1"/>
      <node ref="J3" pin="2"/>
      <node ref="U1" pin="9"/>
      <node ref="R6" pin="2"/>
      <node ref="J3" pin="1"/>
    </net>
    <net code="8" name="/DP_RX">
      <node ref="U1" pin="5"/>
      <node ref="J3" pin="7"/>
    </net>
    <net code="9" name="/DM_TX">
      <node ref="J3" pin="9"/>
      <node ref="U1" pin="14"/>
    </net>
    <net code="10" name="/DP_TX">
      <node ref="J3" pin="11"/>
      <node ref="U1" pin="13"/>
    </net>
    <net code="11" name="/SUS">
      <node ref="R7" pin="2"/>
      <node ref="U1" pin="7"/>
    </net>
    <net code="12" name="/PP3300_PU">
      <node ref="U1" pin="1"/>
      <node ref="R5" pin="1"/>
    </net>
    <net code="13" name="/DN_RX">
      <node ref="U1" pin="6"/>
      <node ref="J3" pin="5"/>
    </net>
    <net code="14" name="/DP1_R">
      <node ref="R2" pin="1"/>
      <node ref="U1" pin="12"/>
    </net>
    <net code="15" name="/SENSE1">
      <node ref="J3" pin="10"/>
      <node ref="R3" pin="2"/>
      <node ref="R4" pin="1"/>
    </net>
    <net code="16" name="/DN1_R">
      <node ref="R1" pin="1"/>
      <node ref="U1" pin="11"/>
    </net>
    <net code="17" name="/D_RX">
      <node ref="J3" pin="6"/>
      <node ref="U1" pin="4"/>
    </net>
    <net code="18" name="Net-(J1-Pad4)">
      <node ref="J1" pin="4"/>
    </net>
    <net code="19" name="/DN1">
      <node ref="J1" pin="2"/>
      <node ref="R1" pin="2"/>
    </net>
    <net code="20" name="/DP1">
      <node ref="R5" pin="2"/>
      <node ref="R2" pin="2"/>
      <node ref="J1" pin="3"/>
    </net>
  </nets>
</export>
