<?xml version="1.0" encoding="UTF-8"?>
<export version="D">
  <design>
    <source>/home/mdh/pmod/dualpmod/dualpmod.sch</source>
    <date>Wed 13 May 2020 10:43:10 AM PDT</date>
    <tool>Eeschema 5.1.6-c6e7f7d~86~ubuntu16.04.1</tool>
    <sheet number="1" name="/" tstamps="/">
      <title_block>
        <title/>
        <company/>
        <rev/>
        <date/>
        <source>dualpmod.sch</source>
        <comment number="1" value=""/>
        <comment number="2" value=""/>
        <comment number="3" value=""/>
        <comment number="4" value=""/>
      </title_block>
    </sheet>
  </design>
  <components>
    <comp ref="J3">
      <value>68021-412HLF</value>
      <footprint>digikey-footprints:PinHeader_6x2_P2.54mm_Horizontal</footprint>
      <datasheet>https://cdn.amphenol-icc.com/media/wysiwyg/files/drawing/68020.pdf</datasheet>
      <fields>
        <field name="Category">Connectors, Interconnects</field>
        <field name="DK_Datasheet_Link">https://cdn.amphenol-icc.com/media/wysiwyg/files/drawing/68020.pdf</field>
        <field name="DK_Detail_Page">/product-detail/en/amphenol-icc-fci/68021-412HLF/609-3355-ND/1878558</field>
        <field name="Description">CONN HEADER R/A 12POS 2.54MM</field>
        <field name="Digi-Key_PN">609-3355-ND</field>
        <field name="Family">Rectangular Connectors - Headers, Male Pins</field>
        <field name="MPN">68021-412HLF</field>
        <field name="Manufacturer">Amphenol ICC (FCI)</field>
        <field name="Status">Active</field>
      </fields>
      <libsource lib="dualpmod-rescue" part="68021-412HLF-dk_Rectangular-Connectors-Headers-Male-Pins" description=""/>
      <sheetpath names="/" tstamps="/"/>
      <tstamp>5C7E600E</tstamp>
    </comp>
    <comp ref="R4">
      <value>22R</value>
      <footprint>Resistor_SMD:R_0805_2012Metric_Pad1.15x1.40mm_HandSolder</footprint>
      <datasheet>~</datasheet>
      <libsource lib="Device" part="R_Small_US" description="Resistor, small US symbol"/>
      <sheetpath names="/" tstamps="/"/>
      <tstamp>5C7E65B5</tstamp>
    </comp>
    <comp ref="R3">
      <value>22R</value>
      <footprint>Resistor_SMD:R_0805_2012Metric_Pad1.15x1.40mm_HandSolder</footprint>
      <datasheet>~</datasheet>
      <libsource lib="Device" part="R_Small_US" description="Resistor, small US symbol"/>
      <sheetpath names="/" tstamps="/"/>
      <tstamp>5C7E6727</tstamp>
    </comp>
    <comp ref="R9">
      <value>1k5</value>
      <footprint>Resistor_SMD:R_0805_2012Metric_Pad1.15x1.40mm_HandSolder</footprint>
      <datasheet>~</datasheet>
      <libsource lib="Device" part="R_Small_US" description="Resistor, small US symbol"/>
      <sheetpath names="/" tstamps="/"/>
      <tstamp>5C7E74B9</tstamp>
    </comp>
    <comp ref="R5">
      <value>22R</value>
      <footprint>Resistor_SMD:R_0805_2012Metric_Pad1.15x1.40mm_HandSolder</footprint>
      <datasheet>~</datasheet>
      <libsource lib="Device" part="R_Small_US" description="Resistor, small US symbol"/>
      <sheetpath names="/" tstamps="/"/>
      <tstamp>5C7E7B21</tstamp>
    </comp>
    <comp ref="R6">
      <value>22R</value>
      <footprint>Resistor_SMD:R_0805_2012Metric_Pad1.15x1.40mm_HandSolder</footprint>
      <datasheet>~</datasheet>
      <libsource lib="Device" part="R_Small_US" description="Resistor, small US symbol"/>
      <sheetpath names="/" tstamps="/"/>
      <tstamp>5C7E7B28</tstamp>
    </comp>
    <comp ref="R10">
      <value>1k5</value>
      <footprint>Resistor_SMD:R_0805_2012Metric_Pad1.15x1.40mm_HandSolder</footprint>
      <datasheet>~</datasheet>
      <libsource lib="Device" part="R_Small_US" description="Resistor, small US symbol"/>
      <sheetpath names="/" tstamps="/"/>
      <tstamp>5C7E88E5</tstamp>
    </comp>
    <comp ref="R7">
      <value>5k1</value>
      <footprint>Resistor_SMD:R_0805_2012Metric_Pad1.15x1.40mm_HandSolder</footprint>
      <datasheet>~</datasheet>
      <libsource lib="Device" part="R_Small_US" description="Resistor, small US symbol"/>
      <sheetpath names="/" tstamps="/"/>
      <tstamp>5C7F09F9</tstamp>
    </comp>
    <comp ref="R8">
      <value>5k1</value>
      <footprint>Resistor_SMD:R_0805_2012Metric_Pad1.15x1.40mm_HandSolder</footprint>
      <datasheet>~</datasheet>
      <libsource lib="Device" part="R_Small_US" description="Resistor, small US symbol"/>
      <sheetpath names="/" tstamps="/"/>
      <tstamp>5C7F0A6A</tstamp>
    </comp>
    <comp ref="R1">
      <value>5k1</value>
      <footprint>Resistor_SMD:R_0805_2012Metric_Pad1.15x1.40mm_HandSolder</footprint>
      <datasheet>~</datasheet>
      <libsource lib="Device" part="R_Small_US" description="Resistor, small US symbol"/>
      <sheetpath names="/" tstamps="/"/>
      <tstamp>5C84B0B0</tstamp>
    </comp>
    <comp ref="R2">
      <value>5k1</value>
      <footprint>Resistor_SMD:R_0805_2012Metric_Pad1.15x1.40mm_HandSolder</footprint>
      <datasheet>~</datasheet>
      <libsource lib="Device" part="R_Small_US" description="Resistor, small US symbol"/>
      <sheetpath names="/" tstamps="/"/>
      <tstamp>5C84B0B7</tstamp>
    </comp>
    <comp ref="J2">
      <value>10118193-0001LF</value>
      <footprint>digikey-footprints:USB_Micro_B_Female_10118193-0001LF</footprint>
      <datasheet>http://www.amphenol-icc.com/media/wysiwyg/files/drawing/10118193.pdf</datasheet>
      <fields>
        <field name="Category">Connectors, Interconnects</field>
        <field name="DK_Datasheet_Link">http://www.amphenol-icc.com/media/wysiwyg/files/drawing/10118193.pdf</field>
        <field name="DK_Detail_Page">/product-detail/en/amphenol-icc-fci/10118193-0001LF/609-4616-1-ND/2785380</field>
        <field name="Description">CONN RCPT USB2.0 MICRO B SMD R/A</field>
        <field name="Digi-Key_PN">609-4616-1-ND</field>
        <field name="Family">USB, DVI, HDMI Connectors</field>
        <field name="MPN">10118193-0001LF</field>
        <field name="Manufacturer">Amphenol ICC (FCI)</field>
        <field name="Status">Active</field>
      </fields>
      <libsource lib="dualpmod-rescue" part="10118193-0001LF-dk_USB-DVI-HDMI-Connectors" description=""/>
      <sheetpath names="/" tstamps="/"/>
      <tstamp>5C8252B6</tstamp>
    </comp>
    <comp ref="J1">
      <value>10118193-0001LF</value>
      <footprint>digikey-footprints:USB_Micro_B_Female_10118193-0001LF</footprint>
      <datasheet>http://www.amphenol-icc.com/media/wysiwyg/files/drawing/10118193.pdf</datasheet>
      <fields>
        <field name="Category">Connectors, Interconnects</field>
        <field name="DK_Datasheet_Link">http://www.amphenol-icc.com/media/wysiwyg/files/drawing/10118193.pdf</field>
        <field name="DK_Detail_Page">/product-detail/en/amphenol-icc-fci/10118193-0001LF/609-4616-1-ND/2785380</field>
        <field name="Description">CONN RCPT USB2.0 MICRO B SMD R/A</field>
        <field name="Digi-Key_PN">609-4616-1-ND</field>
        <field name="Family">USB, DVI, HDMI Connectors</field>
        <field name="MPN">10118193-0001LF</field>
        <field name="Manufacturer">Amphenol ICC (FCI)</field>
        <field name="Status">Active</field>
      </fields>
      <libsource lib="dualpmod-rescue" part="10118193-0001LF-dk_USB-DVI-HDMI-Connectors" description=""/>
      <sheetpath names="/" tstamps="/"/>
      <tstamp>5C830207</tstamp>
    </comp>
  </components>
  <libparts>
    <libpart lib="Device" part="R_Small_US">
      <description>Resistor, small US symbol</description>
      <docs>~</docs>
      <footprints>
        <fp>R_*</fp>
      </footprints>
      <fields>
        <field name="Reference">R</field>
        <field name="Value">R_Small_US</field>
      </fields>
      <pins>
        <pin num="1" name="~" type="passive"/>
        <pin num="2" name="~" type="passive"/>
      </pins>
    </libpart>
    <libpart lib="dualpmod-rescue" part="10118193-0001LF-dk_USB-DVI-HDMI-Connectors">
      <fields>
        <field name="Reference">J</field>
        <field name="Value">10118193-0001LF-dk_USB-DVI-HDMI-Connectors</field>
        <field name="Footprint">digikey-footprints:USB_Micro_B_Female_10118193-0001LF</field>
        <field name="Datasheet">http://www.amphenol-icc.com/media/wysiwyg/files/drawing/10118193.pdf</field>
        <field name="Digi-Key_PN">609-4616-1-ND</field>
        <field name="MPN">10118193-0001LF</field>
        <field name="Category">Connectors, Interconnects</field>
        <field name="Family">USB, DVI, HDMI Connectors</field>
        <field name="DK_Datasheet_Link">http://www.amphenol-icc.com/media/wysiwyg/files/drawing/10118193.pdf</field>
        <field name="DK_Detail_Page">/product-detail/en/amphenol-icc-fci/10118193-0001LF/609-4616-1-ND/2785380</field>
        <field name="Description">CONN RCPT USB2.0 MICRO B SMD R/A</field>
        <field name="Manufacturer">Amphenol ICC (FCI)</field>
        <field name="Status">Active</field>
      </fields>
      <pins>
        <pin num="1" name="~" type="passive"/>
        <pin num="2" name="~" type="passive"/>
        <pin num="3" name="~" type="passive"/>
        <pin num="4" name="~" type="passive"/>
        <pin num="5" name="~" type="passive"/>
        <pin num="SH" name="~" type="passive"/>
      </pins>
    </libpart>
    <libpart lib="dualpmod-rescue" part="68021-412HLF-dk_Rectangular-Connectors-Headers-Male-Pins">
      <fields>
        <field name="Reference">J</field>
        <field name="Value">68021-412HLF-dk_Rectangular-Connectors-Headers-Male-Pins</field>
        <field name="Footprint">digikey-footprints:PinHeader_6x2_P2.54mm_Horizontal</field>
        <field name="Datasheet">https://cdn.amphenol-icc.com/media/wysiwyg/files/drawing/68020.pdf</field>
        <field name="Digi-Key_PN">609-3355-ND</field>
        <field name="MPN">68021-412HLF</field>
        <field name="Category">Connectors, Interconnects</field>
        <field name="Family">Rectangular Connectors - Headers, Male Pins</field>
        <field name="DK_Datasheet_Link">https://cdn.amphenol-icc.com/media/wysiwyg/files/drawing/68020.pdf</field>
        <field name="DK_Detail_Page">/product-detail/en/amphenol-icc-fci/68021-412HLF/609-3355-ND/1878558</field>
        <field name="Description">CONN HEADER R/A 12POS 2.54MM</field>
        <field name="Manufacturer">Amphenol ICC (FCI)</field>
        <field name="Status">Active</field>
      </fields>
      <pins>
        <pin num="1" name="~" type="passive"/>
        <pin num="2" name="~" type="passive"/>
        <pin num="3" name="~" type="passive"/>
        <pin num="4" name="~" type="passive"/>
        <pin num="5" name="~" type="passive"/>
        <pin num="6" name="~" type="passive"/>
        <pin num="7" name="~" type="passive"/>
        <pin num="8" name="~" type="passive"/>
        <pin num="9" name="~" type="passive"/>
        <pin num="10" name="~" type="passive"/>
        <pin num="11" name="~" type="passive"/>
        <pin num="12" name="~" type="passive"/>
      </pins>
    </libpart>
  </libparts>
  <libraries>
    <library logical="Device">
      <uri>/usr/share/kicad/library/Device.lib</uri>
    </library>
    <library logical="dualpmod-rescue">
      <uri>/home/mdh/pmod/dualpmod/dualpmod-rescue.lib</uri>
    </library>
  </libraries>
  <nets>
    <net code="1" name="Net-(J1-Pad4)">
      <node ref="J1" pin="4"/>
    </net>
    <net code="2" name="Net-(J2-Pad4)">
      <node ref="J2" pin="4"/>
    </net>
    <net code="3" name="/VBUS">
      <node ref="J2" pin="1"/>
      <node ref="R7" pin="1"/>
    </net>
    <net code="4" name="/DP2_R">
      <node ref="J3" pin="12"/>
      <node ref="R5" pin="1"/>
    </net>
    <net code="5" name="/DP1_R">
      <node ref="R4" pin="1"/>
      <node ref="J3" pin="11"/>
    </net>
    <net code="6" name="/DN1_R">
      <node ref="J3" pin="9"/>
      <node ref="R3" pin="1"/>
    </net>
    <net code="7" name="/PULLUP1">
      <node ref="J3" pin="7"/>
      <node ref="R9" pin="1"/>
    </net>
    <net code="8" name="/DP1">
      <node ref="R9" pin="2"/>
      <node ref="R4" pin="2"/>
      <node ref="J2" pin="3"/>
    </net>
    <net code="9" name="/VBUS2">
      <node ref="J1" pin="1"/>
      <node ref="R1" pin="1"/>
    </net>
    <net code="10" name="GND">
      <node ref="R8" pin="2"/>
      <node ref="R2" pin="2"/>
      <node ref="J3" pin="3"/>
      <node ref="J3" pin="4"/>
      <node ref="J2" pin="5"/>
      <node ref="J1" pin="5"/>
      <node ref="J2" pin="SH"/>
      <node ref="J1" pin="SH"/>
    </net>
    <net code="11" name="/DN2">
      <node ref="R6" pin="2"/>
      <node ref="J1" pin="2"/>
    </net>
    <net code="12" name="/PULLUP2">
      <node ref="R10" pin="1"/>
      <node ref="J3" pin="8"/>
    </net>
    <net code="13" name="/DP2">
      <node ref="R10" pin="2"/>
      <node ref="R5" pin="2"/>
      <node ref="J1" pin="3"/>
    </net>
    <net code="14" name="/DN2_R">
      <node ref="J3" pin="10"/>
      <node ref="R6" pin="1"/>
    </net>
    <net code="15" name="/SENSE1">
      <node ref="R7" pin="2"/>
      <node ref="J3" pin="5"/>
      <node ref="R8" pin="1"/>
    </net>
    <net code="16" name="/SENSE2">
      <node ref="J3" pin="6"/>
      <node ref="R1" pin="2"/>
      <node ref="R2" pin="1"/>
    </net>
    <net code="17" name="/DN1">
      <node ref="J2" pin="2"/>
      <node ref="R3" pin="2"/>
    </net>
    <net code="18" name="+3V3">
      <node ref="J3" pin="1"/>
      <node ref="J3" pin="2"/>
    </net>
  </nets>
</export>
